magnitude,cdi,mmi,sig,nst,dmin,gap,depth,latitude,longitude,Year,Month,tsunami
7.0,,7.0,768.0,117.0,0.509,17.0,14.0,-9.7963,159.596,,11.0,1
6.9,4.0,4.0,735.0,99.0,2.229,34.0,25.0,-4.9559,,2022.0,11.0,0
7.0,3.0,3.0,755.0,147.0,3.125,18.0,579.0,-20.0508,-178.346,2022.0,11.0,1
7.3,5.0,5.0,833.0,149.0,1.865,21.0,37.0,-19.2918,-172.129,2022.0,11.0,1
6.6,0.0,2.0,670.0,131.0,4.998,27.0,,-25.5948,178.278,2022.0,11.0,1
7.0,4.0,3.0,755.0,142.0,4.578,26.0,660.0,-26.0442,178.381,2022.0,11.0,1
6.8,1.0,3.0,711.0,136.0,4.678,22.0,630.379,-25.9678,178.363,2022.0,11.0,1
6.7,,6.0,797.0,145.0,1.151,37.0,20.0,7.6712,-82.3396,2022.0,10.0,1
6.8,8.0,7.0,1179.0,175.0,2.137,,20.0,18.33,-102.913,2022.0,9.0,1
7.6,,8.0,1799.0,271.0,1.153,69.0,26.943,18.3667,-103.252,2022.0,9.0,1
6.9,9.0,9.0,887.0,215.0,0.401,34.0,10.0,23.1444,121.307,2022.0,9.0,1
6.5,7.0,7.0,756.0,,0.43,,10.0,23.029,121.348,2022.0,9.0,1
,7.0,5.0,761.0,192.0,2.977,45.0,137.0,-21.2077,170.239,,9.0,1
7.6,8.0,8.0,965.0,272.0,3.158,,116.0,-6.2237,146.471,2022.0,,1
6.6,9.0,8.0,1043.0,141.0,8.454,34.0,12.0,29.7263,,2022.0,9.0,0
6.6,7.0,6.0,672.0,68.0,5.293,,30.0,-32.6922,-178.959,2022.0,8.0,1
7.0,9.0,8.0,1351.0,152.0,5.276,22.0,33.729,17.5978,120.809,2022.0,7.0,1
6.5,3.0,2.0,,236.0,1.999,31.0,622.73,-9.0618,-71.1647,2022.0,6.0,0
7.2,7.0,5.0,876.0,144.0,2.494,40.0,236.0,-14.8628,-70.3081,2022.0,5.0,1
6.9,2.0,5.0,733.0,127.0,0.371,45.0,10.0,-54.1325,159.027,2022.0,5.0,1
,6.0,5.0,762.0,162.0,1.505,30.0,220.0,-23.6141,-66.7236,,5.0,1
6.6,6.0,5.0,762.0,0.0,0.914,94.0,27.0,11.5538,-86.9919,2022.0,4.0,1
7.0,6.0,4.0,763.0,0.0,2.705,26.0,10.0,-22.5732,170.349,2022.0,3.0,1
6.9,6.0,4.0,738.0,0.0,2.697,42.0,10.0,-22.72,170.277,2022.0,3.0,1
6.7,8.0,7.0,806.0,0.0,0.289,32.0,24.0,23.3421,121.636,2022.0,3.0,1
7.3,9.0,8.0,2397.0,0.0,2.936,29.0,41.0,37.7015,141.587,2022.0,3.0,1
6.7,9.0,6.0,708.0,0.0,2.188,43.0,28.0,-0.6831,,2022.0,3.0,0
,2.0,7.0,670.0,0.0,0.827,46.0,24.0,-30.0528,-177.74,2022.0,3.0,1
6.8,,3.0,712.0,0.0,5.78,12.0,535.0,-23.7852,-179.968,2022.0,2.0,1
6.5,8.0,6.0,690.0,0.0,3.026,22.0,110.0,-4.455,-76.9395,2022.0,2.0,0
6.5,7.0,4.0,651.0,0.0,1.088,57.0,8.0,,-176.729,2022.0,1.0,1
6.6,8.0,6.0,785.0,0.0,2.418,22.0,33.0,-6.9291,105.251,2022.0,1.0,0
,0.0,,650.0,97.0,1.61607,108.0,37.0,52.502,,2022.0,1.0,1
6.5,0.0,3.0,650.0,23.0,0.0,208.8,37.0,52.502,-168.08,2022.0,1.0,1
6.6,8.0,5.0,674.0,0.0,0.507,49.0,19.0,52.6252,-168.15,2022.0,1.0,1
6.7,0.0,4.0,691.0,50.0,0.936943,126.0,33.0,52.48,-167.736,2022.0,1.0,1
6.7,0.0,4.0,691.0,20.0,0.0,205.2,33.0,52.48,-167.736,2022.0,,1
,7.0,6.0,730.0,0.0,0.92,61.0,20.0,52.6563,-167.917,2022.0,1.0,1
6.6,6.0,6.0,976.0,0.0,1.168,21.0,21.0,35.1456,31.9095,2022.0,1.0,0
6.6,9.0,8.0,1012.0,,2.685,13.0,13.0,37.8167,101.299,2022.0,1.0,0
,8.0,7.0,921.0,0.0,3.713,19.0,165.49,-7.5924,127.581,2021.0,12.0,0
7.3,9.0,5.0,854.0,0.0,1.025,32.0,14.27,-7.6033,122.2,2021.0,12.0,1
7.5,8.0,8.0,1094.0,0.0,4.951,40.0,126.0,-4.4898,-76.8461,2021.0,11.0,1
6.6,7.0,4.0,688.0,0.0,3.259,15.0,12.0,23.5414,126.48,2021.0,11.0,1
6.9,8.0,6.0,995.0,0.0,0.0,0.0,51.6,56.2581,-156.492,2021.0,10.0,1
6.9,4.0,3.0,740.0,0.0,4.778,31.0,535.0,-21.1704,174.54,2021.0,10.0,1
7.3,4.0,4.0,826.0,0.0,,32.0,527.0,-21.1036,174.895,2021.0,10.0,1
6.5,7.0,5.0,,0.0,0.993,114.0,21.0,12.1598,-87.8542,2021.0,9.0,1
7.0,8.0,8.0,2504.0,0.0,0.07,43.0,20.0,16.9502,-99.7877,2021.0,9.0,1
7.1,1.0,4.0,776.0,0.0,9.799,32.0,6.0,-60.3026,-24.9992,2021.0,8.0,1
6.6,1.0,3.0,670.0,0.0,8.865,19.0,7.0,-60.1023,-24.4608,2021.0,8.0,1
6.9,8.0,7.0,741.0,0.0,0.579,54.0,93.0,-14.892,167.085,2021.0,8.0,1
6.9,6.0,4.0,734.0,0.0,8.363,48.0,16.7,-58.3814,-23.3318,2021.0,8.0,1
7.2,,8.0,2331.0,0.0,1.178,23.0,10.0,18.3521,-73.4804,2021.0,8.0,1
6.9,5.0,4.0,738.0,0.0,0.0,0.0,33.3,55.2364,-157.707,2021.0,8.0,1
6.9,5.0,4.0,738.0,0.0,1.173,36.0,20.74,55.2657,-157.68,2021.0,,1
8.1,,7.0,1009.0,0.0,7.463,78.0,22.79,-58.4157,-25.3206,2021.0,8.0,0
7.5,9.0,6.0,868.0,0.0,7.227,38.0,47.23,-57.5959,-25.1874,2021.0,8.0,1
7.1,9.0,7.0,846.0,0.0,1.273,25.0,55.14,6.4547,126.742,2021.0,8.0,1
8.2,8.0,6.0,1237.0,0.0,0.875,66.0,46.66,55.4742,-157.917,2021.0,7.0,1
8.2,8.0,7.0,1252.0,0.0,0.0,0.0,35.0,55.3154,-157.829,,7.0,1
6.7,8.0,5.0,935.0,0.0,,12.0,110.0,,120.713,2021.0,7.0,1
6.7,6.0,6.0,830.0,0.0,1.395,61.0,,7.5904,-82.8813,2021.0,7.0,1
6.5,0.0,4.0,650.0,0.0,7.994,24.0,25.0,-30.2144,-177.773,,6.0,1
,5.0,7.0,652.0,,4.518,44.0,10.0,-16.4796,-177.356,2021.0,5.0,1
7.3,9.0,9.0,1025.0,0.0,4.655,9.0,10.0,34.5861,98.2551,2021.0,5.0,0
6.7,8.0,4.0,698.0,0.0,1.487,37.0,11.0,0.1684,96.6475,2021.0,5.0,0
6.7,9.0,3.0,694.0,0.0,10.669,45.0,10.0,-17.2495,,2021.0,5.0,0
6.9,7.0,6.0,919.0,0.0,2.619,35.0,43.0,38.2296,141.665,2021.0,5.0,1
6.5,4.0,4.0,651.0,0.0,5.931,20.0,246.0,-21.6857,-177.064,2021.0,4.0,0
6.5,6.0,4.0,652.0,0.0,10.405,19.0,301.0,-18.9204,-176.235,2021.0,4.0,0
7.0,7.0,7.0,1052.0,0.0,2.378,35.0,43.0,38.4752,141.607,2021.0,3.0,1
6.6,5.0,5.0,672.0,0.0,,18.0,13.23,54.7018,163.208,2021.0,3.0,1
6.5,0.0,4.0,650.0,0.0,11.764,25.0,24.0,-28.4792,-176.619,2021.0,3.0,0
8.1,9.0,8.0,1021.0,0.0,0.739,,28.93,-29.7466,-177.224,2021.0,3.0,1
,3.0,7.0,843.0,0.0,0.437,30.0,43.0,-29.6131,-177.842,2021.0,3.0,1
7.3,7.0,6.0,,0.0,0.918,24.0,10.0,-37.596,179.544,2021.0,3.0,1
7.1,9.0,8.0,1612.0,0.0,,11.0,43.98,37.6856,141.992,2021.0,2.0,1
7.7,9.0,4.0,918.0,0.0,7.989,15.0,10.0,-23.2787,171.489,2021.0,2.0,1
6.9,9.0,5.0,739.0,0.0,1.55,16.0,15.0,-61.8484,-55.559,2021.0,1.0,1
7.0,7.0,5.0,802.0,0.0,,15.0,80.0,,127.517,2021.0,1.0,1
6.7,8.0,8.0,776.0,0.0,2.043,22.0,10.0,51.2407,100.443,2021.0,1.0,0
6.7,5.0,5.0,,0.0,1.319,19.0,10.0,-39.3264,-74.9067,2020.0,12.0,1
7.0,8.0,7.0,1527.0,0.0,1.518,18.0,21.0,37.8973,26.7953,2020.0,10.0,0
7.6,9.0,7.0,1165.0,0.0,0.23,36.0,,54.662,-159.675,2020.0,10.0,1
6.9,0.0,3.0,732.0,0.0,11.255,16.0,10.0,0.9604,-26.8332,2020.0,9.0,1
6.5,6.0,6.0,674.0,,0.388,49.0,16.0,-27.9285,-71.3937,2020.0,9.0,0
6.8,6.0,7.0,824.0,0.0,0.312,69.0,21.0,-28.013,-71.1958,2020.0,9.0,1
6.5,4.0,,651.0,0.0,15.394,31.0,10.0,0.8696,,2020.0,8.0,0
6.9,4.0,3.0,749.0,0.0,,20.0,,-6.6704,123.493,2020.0,8.0,0
6.9,4.0,4.0,,,1.716,25.0,26.0,-4.2791,101.215,2020.0,8.0,0
6.8,5.0,4.0,716.0,0.0,1.816,34.0,22.0,,101.095,2020.0,8.0,0
6.6,9.0,8.0,784.0,0.0,5.128,14.0,10.0,12.0065,124.13,2020.0,8.0,1
7.8,9.0,,1111.0,0.0,0.621,60.0,28.0,,-158.477,2020.0,7.0,1
7.0,6.0,7.0,820.0,0.0,1.671,18.0,73.0,-7.847,147.755,2020.0,7.0,1
6.6,4.0,2.0,684.0,0.0,1.458,14.0,533.76,-5.6368,110.678,2020.0,7.0,0
7.4,8.0,8.0,1494.0,0.0,0.151,30.0,20.0,15.9163,-95.9533,2020.0,6.0,1
7.4,7.0,7.0,,0.0,,23.0,10.0,-33.2938,-177.838,2020.0,6.0,1
6.6,5.0,4.0,734.0,0.0,2.015,18.0,165.0,28.9386,128.262,,6.0,1
6.8,6.0,6.0,835.0,0.0,1.164,21.0,112.0,-23.2966,-68.4204,2020.0,6.0,1
6.5,7.0,8.0,1320.0,27.0,0.357,55.79,2.7,38.1689,-117.85,2020.0,5.0,0
6.6,4.0,6.0,671.0,0.0,3.403,12.0,107.0,-12.0662,166.648,2020.0,5.0,1
6.8,4.0,6.0,738.0,0.0,1.921,16.0,96.0,-6.7762,129.785,2020.0,5.0,0
,7.0,6.0,678.0,0.0,,19.0,10.0,34.1818,25.7101,2020.0,5.0,0
6.5,8.0,8.0,1410.0,0.0,0.885,31.0,12.06,44.4646,-115.118,2020.0,3.0,0
7.5,6.0,5.0,879.0,0.0,4.109,12.0,57.8,48.9638,157.695,2020.0,3.0,1
7.0,5.0,6.0,770.0,0.0,4.501,25.0,143.0,45.6161,148.959,2020.0,2.0,1
7.7,9.0,6.0,1812.0,0.0,,26.0,,19.4193,-78.756,2020.0,1.0,1
6.7,8.0,9.0,1247.0,0.0,0.87,49.0,10.0,38.4312,39.0609,2020.0,1.0,0
6.8,9.0,7.0,825.0,0.0,0.546,39.0,18.0,6.6969,125.174,2019.0,12.0,1
7.1,6.0,6.0,799.0,0.0,1.271,11.0,33.0,1.6213,126.416,2019.0,11.0,1
6.5,0.0,2.0,650.0,,4.765,25.0,577.0,-21.9449,-179.511,2019.0,11.0,0
6.6,4.0,4.0,673.0,0.0,5.086,48.0,10.0,-18.5747,-175.272,2019.0,11.0,1
6.5,9.0,7.0,733.0,0.0,0.428,19.0,10.0,6.9098,125.178,2019.0,10.0,1
6.6,9.0,7.0,780.0,0.0,0.646,24.0,15.0,6.7567,125.008,2019.0,10.0,1
6.7,7.0,6.0,844.0,0.0,1.269,98.0,11.0,-35.4758,-73.163,2019.0,,1
6.5,7.0,7.0,,0.0,3.909,15.0,12.26,-3.4528,128.37,2019.0,9.0,1
6.6,2.0,3.0,671.0,0.0,4.121,19.0,591.0,-20.3641,-178.57,2019.0,9.0,1
6.6,0.0,4.0,670.0,0.0,12.896,19.0,16.0,-60.2152,,2019.0,8.0,1
6.9,4.0,6.0,875.0,0.0,2.839,23.0,49.0,-7.2822,104.791,2019.0,8.0,0
6.8,6.0,6.0,947.0,0.0,0.817,35.0,25.0,-34.2364,-72.3102,2019.0,8.0,1
6.6,0.0,4.0,670.0,0.0,6.024,30.0,181.0,-16.1985,167.998,2019.0,7.0,1
7.2,7.0,7.0,809.0,0.0,1.504,38.0,18.98,-0.5858,128.034,2019.0,7.0,1
6.6,5.0,5.0,791.0,0.0,2.978,32.0,10.0,-18.2242,120.358,2019.0,7.0,0
6.9,,5.0,747.0,0.0,1.205,21.0,35.0,0.5126,126.189,2019.0,7.0,0
7.1,9.0,9.0,1646.0,77.0,0.04616,43.0,8.0,35.7695,-117.599,2019.0,7.0,0
7.3,4.0,6.0,,0.0,2.629,16.0,212.0,,129.169,,6.0,1
7.3,8.0,6.0,830.0,0.0,1.402,11.0,46.0,-30.6441,-178.1,2019.0,6.0,1
6.6,7.0,6.0,886.0,0.0,1.193,22.0,57.92,13.1994,-89.3056,2019.0,5.0,1
8.0,9.0,8.0,1890.0,0.0,3.18,17.0,122.57,-5.8119,-75.2697,2019.0,5.0,1
7.6,7.0,7.0,,0.0,0.453,16.0,10.0,-4.051,152.597,2019.0,5.0,1
7.1,7.0,6.0,826.0,0.0,2.514,16.0,146.0,-6.9746,146.449,2019.0,5.0,1
6.8,5.0,6.0,,0.0,0.791,28.0,15.46,-1.8146,122.58,2019.0,4.0,1
6.5,0.0,5.0,650.0,0.0,7.568,18.0,,-58.6262,-25.304,2019.0,4.0,1
7.0,7.0,4.0,869.0,0.0,2.501,42.0,267.0,-14.7131,-70.1546,2019.0,3.0,1
7.5,7.0,7.0,1145.0,0.0,2.045,15.0,145.0,-2.1862,-77.0505,2019.0,,1
6.7,6.0,6.0,909.0,0.0,0.289,43.0,66.0,14.6802,,2019.0,2.0,1
6.7,0.0,3.0,691.0,0.0,7.527,17.0,13.0,-43.1219,42.3568,2019.0,1.0,0
6.7,8.0,8.0,1600.0,0.0,0.173,22.0,63.0,-30.0404,-71.3815,2019.0,1.0,1
6.6,5.0,4.0,671.0,0.0,7.818,18.0,35.0,-13.336,166.875,,1.0,1
6.6,2.0,4.0,672.0,0.0,1.596,33.0,43.21,2.258,126.758,2019.0,1.0,1
6.8,3.0,3.0,715.0,0.0,,16.0,570.41,-8.144,-71.587,2019.0,,0
7.0,,5.0,803.0,0.0,1.769,21.0,60.21,5.8983,126.921,2018.0,12.0,1
7.3,3.0,7.0,822.0,0.0,4.126,23.0,16.56,55.0999,164.699,2018.0,12.0,1
7.1,0.0,5.0,776.0,0.0,7.043,20.0,133.0,-58.5446,-26.3856,2018.0,12.0,1
6.6,0.0,4.0,670.0,0.0,2.679,31.0,10.0,-22.0629,169.733,,12.0,1
7.5,3.0,6.0,871.0,0.0,2.405,18.0,10.0,-21.9496,169.427,,12.0,1
7.1,8.0,8.0,1790.0,0.0,0.0,0.0,46.7,61.3464,-149.955,2018.0,11.0,1
6.8,0.0,3.0,711.0,0.0,2.879,39.0,540.0,-17.8735,-178.927,2018.0,,1
6.7,3.0,4.0,693.0,0.0,7.853,19.0,10.0,71.6312,-11.2431,2018.0,11.0,1
6.8,8.0,,954.0,0.0,2.268,15.0,14.0,37.5203,20.5565,2018.0,10.0,0
6.5,2.0,4.0,655.0,0.0,1.692,68.0,10.0,49.297,-129.724,2018.0,10.0,0
6.8,4.0,4.0,776.0,0.0,1.505,36.0,10.0,49.3346,-129.289,,10.0,1
6.5,3.0,4.0,669.0,0.0,1.611,63.0,10.0,49.2586,-129.412,2018.0,10.0,1
6.5,0.0,4.0,650.0,0.0,2.109,22.0,17.0,-21.7427,169.522,2018.0,10.0,1
,0.0,3.0,691.0,0.0,2.705,,461.0,52.8549,153.243,2018.0,10.0,1
6.5,0.0,4.0,650.0,0.0,3.923,14.0,20.0,49.2902,156.297,2018.0,10.0,1
7.0,6.0,6.0,758.0,0.0,1.778,18.0,39.0,-5.7012,151.205,2018.0,10.0,1
6.7,2.0,3.0,691.0,0.0,3.745,23.0,,-18.3604,-178.063,2018.0,9.0,1
7.5,8.0,8.0,2026.0,0.0,1.649,13.0,20.0,,119.846,2018.0,9.0,0
6.5,4.0,1.0,651.0,0.0,5.139,18.0,576.0,-25.415,178.199,2018.0,9.0,0
,3.0,4.0,735.0,0.0,2.785,18.0,115.0,,-179.373,2018.0,9.0,0
6.5,3.0,6.0,651.0,,1.638,25.0,68.0,-10.0207,161.503,2018.0,9.0,1
7.9,7.0,4.0,979.0,0.0,1.431,12.0,670.81,-18.4743,179.35,2018.0,9.0,1
6.6,8.0,9.0,1075.0,0.0,1.13,32.0,35.0,42.6861,141.929,2018.0,9.0,1
7.1,2.0,5.0,776.0,0.0,2.548,23.0,21.43,-22.0295,170.126,2018.0,8.0,1
7.1,0.0,3.0,776.0,0.0,3.77,12.0,630.0,-11.0355,-70.8284,2018.0,8.0,0
6.5,6.0,7.0,652.0,0.0,4.797,,9.0,-16.0315,168.143,2018.0,8.0,1
7.3,8.0,6.0,1570.0,0.0,1.822,15.0,146.82,10.7731,-62.9019,2018.0,8.0,1
6.9,,7.0,1206.0,0.0,2.453,31.0,21.0,-8.319,116.627,2018.0,8.0,0
8.2,5.0,4.0,1050.0,0.0,3.63,13.0,600.0,-18.1125,-178.153,2018.0,8.0,1
6.5,5.0,3.0,743.0,0.0,2.719,23.0,529.0,-7.3718,119.802,2018.0,,0
6.5,6.0,6.0,655.0,0.0,0.576,22.0,33.93,51.4234,-178.026,2018.0,8.0,1
6.9,9.0,8.0,1704.0,0.0,2.271,15.0,34.0,-8.2581,116.438,2018.0,8.0,0
6.9,7.0,8.0,1392.0,63.0,0.11,,5.81,19.3182,-155.0,2018.0,5.0,1
6.8,5.0,3.0,,0.0,5.32,16.0,559.0,-20.6588,-63.0058,2018.0,4.0,0
6.9,9.0,6.0,741.0,0.0,1.487,18.0,35.0,-5.5321,151.5,2018.0,3.0,1
6.7,5.0,6.0,696.0,0.0,1.507,15.0,40.0,-5.5024,151.402,2018.0,3.0,1
6.8,6.0,6.0,719.0,0.0,1.049,16.0,22.86,-4.3762,153.2,2018.0,3.0,1
6.7,8.0,7.0,697.0,0.0,5.457,,20.49,-6.3043,142.612,2018.0,3.0,1
7.5,9.0,8.0,943.0,0.0,5.48,17.0,25.21,-6.0699,142.754,2018.0,2.0,1
7.2,7.0,7.0,1384.0,0.0,0.142,82.0,22.0,16.3855,-97.9787,2018.0,2.0,1
7.9,9.0,4.0,,0.0,2.585,30.0,14.06,56.0039,-149.166,,1.0,1
7.1,9.0,7.0,1075.0,0.0,4.29,23.0,39.0,-15.7675,-74.7092,2018.0,1.0,1
7.5,8.0,5.0,1623.0,0.0,4.581,12.0,19.0,17.4825,-83.52,2018.0,1.0,1
6.5,8.0,7.0,998.0,0.0,2.365,28.0,90.0,-7.4921,108.174,2017.0,12.0,0
6.5,1.0,5.0,651.0,0.0,17.654,23.0,17.0,-54.2189,2.1628,2017.0,12.0,1
7.0,4.0,6.0,771.0,0.0,0.617,14.0,10.0,-21.3246,168.671,2017.0,11.0,1
6.6,4.0,5.0,676.0,0.0,0.529,21.0,13.0,-21.5027,168.598,2017.0,11.0,1
6.5,8.0,8.0,1153.0,0.0,0.225,37.0,,9.5147,-84.4865,2017.0,11.0,1
7.3,,9.0,2790.0,0.0,,33.0,19.0,34.9109,45.9592,,11.0,0
6.5,6.0,5.0,661.0,0.0,4.449,10.0,110.57,-4.2433,143.485,2017.0,11.0,1
6.8,5.0,5.0,727.0,0.0,4.852,21.0,10.0,-15.3197,-173.168,2017.0,,1
6.6,3.0,5.0,674.0,0.0,0.788,,22.0,-21.6484,168.859,2017.0,11.0,1
6.7,3.0,4.0,691.0,0.0,1.062,55.0,24.0,-21.6971,169.148,2017.0,10.0,1
6.7,3.0,3.0,694.0,0.0,1.634,16.0,553.81,-7.2168,123.074,2017.0,10.0,0
6.5,3.0,5.0,651.0,0.0,1.154,11.0,,52.3909,176.769,2017.0,10.0,1
7.1,9.0,8.0,1686.0,0.0,0.984,23.0,48.0,18.5499,-98.4887,2017.0,9.0,0
8.2,9.0,7.0,2910.0,0.0,,22.0,47.39,15.0222,-93.8993,2017.0,9.0,1
6.5,5.0,7.0,707.0,0.0,11.411,22.0,9.0,33.1926,103.855,2017.0,8.0,0
6.6,7.0,7.0,1064.0,0.0,0.913,16.0,7.0,36.9293,27.4139,,7.0,0
7.7,8.0,7.0,918.0,0.0,3.564,13.0,10.0,54.4434,168.857,,7.0,1
6.6,5.0,4.0,704.0,0.0,3.773,37.0,10.0,-49.4837,164.016,2017.0,7.0,1
6.5,9.0,8.0,740.0,0.0,4.139,30.0,9.0,11.1269,124.629,2017.0,7.0,1
6.8,6.0,6.0,1034.0,0.0,1.065,38.0,38.12,13.7174,-90.9718,2017.0,6.0,1
6.9,8.0,,1188.0,0.0,0.247,35.0,93.0,14.9091,-92.0092,2017.0,6.0,1
6.8,0.0,4.0,711.0,0.0,2.308,12.0,5.0,54.0312,170.92,2017.0,6.0,1
6.6,7.0,7.0,678.0,0.0,2.353,18.0,12.0,-1.2923,120.431,2017.0,5.0,0
6.5,0.0,4.0,650.0,,6.489,17.0,15.0,-56.414,-25.7432,2017.0,5.0,1
6.8,6.0,5.0,713.0,0.0,7.495,19.0,169.0,,167.377,2017.0,5.0,1
,9.0,6.0,814.0,0.0,1.636,14.0,26.0,5.5043,125.066,2017.0,4.0,1
6.9,9.0,7.0,1642.0,0.0,0.356,39.0,28.0,-33.0375,,2017.0,4.0,1
6.5,7.0,8.0,1297.0,0.0,2.36,15.0,29.0,-22.6784,,2017.0,4.0,0
6.6,6.0,7.0,671.0,0.0,4.591,14.0,17.0,56.9401,162.786,2017.0,3.0,1
6.9,2.0,3.0,733.0,0.0,6.012,19.0,414.5,-23.2593,,2017.0,2.0,1
,3.0,3.0,653.0,0.0,4.242,14.0,595.98,-19.2814,-63.9047,2017.0,2.0,0
6.5,8.0,7.0,718.0,,2.822,36.0,15.0,9.9071,125.452,2017.0,2.0,1
7.9,9.0,7.0,987.0,,3.625,9.0,135.0,-6.2464,155.172,,1.0,1
6.5,6.0,6.0,654.0,0.0,1.64,21.0,36.0,-10.3506,161.335,2017.0,1.0,1
7.3,,3.0,849.0,0.0,3.813,18.0,627.17,,,,1.0,1
6.9,6.0,4.0,,0.0,2.495,13.0,12.0,-19.3733,176.052,2017.0,1.0,1
7.6,9.0,8.0,1152.0,0.0,0.355,29.0,38.0,-43.4064,-73.9413,2016.0,12.0,1
6.7,5.0,5.0,726.0,0.0,3.38,17.0,152.0,-7.5082,127.921,2016.0,12.0,0
,9.0,7.0,972.0,0.0,1.389,13.0,94.54,-4.5049,153.522,2016.0,12.0,1
6.9,8.0,6.0,737.0,0.0,1.747,26.0,19.73,-10.749,161.132,2016.0,12.0,1
6.5,0.0,5.0,650.0,,1.937,18.0,12.26,-10.8416,161.314,2016.0,12.0,0
7.8,9.0,8.0,961.0,0.0,1.836,13.0,40.0,-10.6812,161.327,2016.0,12.0,1
6.6,5.0,4.0,1120.0,0.0,1.405,,8.45,40.4535,,2016.0,12.0,1
6.5,9.0,8.0,731.0,0.0,0.778,27.0,13.0,5.2834,96.1678,2016.0,12.0,0
6.6,8.0,7.0,693.0,0.0,1.697,20.0,17.0,39.2732,73.9776,2016.0,11.0,0
6.9,5.0,4.0,855.0,0.0,1.796,20.0,10.0,,-88.8968,2016.0,11.0,1
6.9,9.0,6.0,1144.0,0.0,0.671,10.0,9.0,37.3931,141.387,2016.0,11.0,1
6.5,7.0,7.0,664.0,0.0,0.283,56.0,9.0,,173.254,,11.0,1
6.5,6.0,7.0,656.0,0.0,0.135,58.0,10.0,-42.3205,173.669,2016.0,11.0,1
7.8,9.0,9.0,1545.0,0.0,0.481,21.0,15.11,-42.7373,173.054,2016.0,11.0,1
6.6,9.0,8.0,2840.0,0.0,0.174,25.0,8.0,42.8621,13.0961,2016.0,10.0,0
6.6,3.0,3.0,677.0,0.0,2.022,16.0,614.0,,108.163,2016.0,10.0,0
6.8,3.0,6.0,716.0,0.0,3.727,11.0,42.0,-6.0033,148.887,2016.0,10.0,1
6.9,2.0,,733.0,0.0,4.051,9.0,596.4,-19.7819,-178.244,,9.0,1
7.0,5.0,6.0,897.0,0.0,,21.0,19.0,-37.3586,179.146,2016.0,9.0,1
6.8,4.0,3.0,,0.0,0.803,12.0,476.0,-3.6849,152.792,2016.0,8.0,1
6.8,6.0,6.0,981.0,0.0,1.802,17.0,82.0,20.9228,94.569,2016.0,8.0,0
7.2,6.0,5.0,799.0,0.0,4.823,14.0,16.37,-22.4765,,2016.0,8.0,1
7.7,5.0,,971.0,0.0,3.294,14.0,,18.5429,,2016.0,7.0,1
6.6,4.0,6.0,671.0,,2.435,16.0,50.0,-2.0967,100.665,2016.0,6.0,0
7.2,1.0,6.0,798.0,0.0,5.803,24.0,78.0,-56.2409,-26.9353,2016.0,5.0,1
6.9,3.0,3.0,733.0,0.0,5.485,19.0,405.69,-21.9724,-178.204,2016.0,,1
6.9,8.0,7.0,780.0,0.0,1.192,17.0,29.95,0.4947,-79.616,2016.0,5.0,1
6.7,5.0,7.0,744.0,0.0,1.352,21.0,16.0,0.4261,-79.7899,2016.0,5.0,1
7.0,7.0,7.0,755.0,0.0,0.616,14.0,24.0,-16.0429,,2016.0,4.0,1
7.8,9.0,9.0,1163.0,0.0,1.44,15.0,20.59,0.3819,-79.9218,2016.0,4.0,1
7.0,9.0,9.0,,0.0,0.349,32.0,10.0,32.7906,130.754,2016.0,4.0,1
6.9,6.0,6.0,903.0,0.0,3.001,14.0,136.0,23.0944,94.8654,2016.0,,0
,6.0,4.0,738.0,0.0,0.789,17.0,212.0,36.4725,71.1311,2016.0,4.0,0
6.7,7.0,5.0,692.0,0.0,6.787,25.0,27.59,-13.9805,166.594,2016.0,4.0,1
6.7,7.0,6.0,691.0,0.0,6.697,19.0,24.0,-14.0683,166.624,2016.0,4.0,1
6.9,7.0,6.0,734.0,0.0,1.166,25.0,26.0,-14.3235,166.855,2016.0,4.0,1
7.8,4.0,3.0,948.0,0.0,7.009,20.0,24.0,-4.9521,94.3299,2016.0,3.0,0
7.2,3.0,7.0,799.0,0.0,0.958,17.0,177.0,53.9776,158.546,2016.0,,1
7.1,7.0,,1496.0,0.0,0.0,0.0,125.6,59.6204,-153.339,2016.0,1.0,1
6.6,3.0,4.0,673.0,0.0,2.413,74.0,10.0,18.8239,-106.934,2016.0,1.0,1
6.7,5.0,6.0,717.0,0.0,0.281,22.0,46.0,41.9723,142.781,,1.0,1
6.5,3.0,6.0,651.0,0.0,,22.0,13.0,3.8965,126.862,2016.0,1.0,1
6.7,8.0,7.0,1515.0,0.0,1.794,16.0,55.0,24.8036,93.6505,2016.0,1.0,0
6.6,8.0,6.0,765.0,0.0,0.41,35.0,85.0,15.8015,-93.633,,12.0,1
6.9,8.0,5.0,738.0,0.0,2.979,14.0,21.0,-4.1064,129.508,2015.0,,0
7.2,4.0,7.0,,,1.116,18.0,22.0,38.2107,72.7797,2015.0,12.0,0
,2.0,3.0,691.0,0.0,2.033,19.0,602.75,-9.1825,-71.2574,2015.0,11.0,0
7.6,,4.0,896.0,0.0,2.852,10.0,620.56,,-71.0184,2015.0,11.0,0
7.6,6.0,5.0,,0.0,3.287,10.0,606.21,-10.5372,-70.9437,2015.0,11.0,1
6.8,5.0,6.0,715.0,0.0,1.599,19.0,12.59,-8.8994,158.422,2015.0,,1
,7.0,7.0,1018.0,0.0,0.0,0.0,11.0,38.67,20.6,2015.0,11.0,0
6.7,5.0,4.0,702.0,0.0,1.444,17.0,12.0,31.0009,128.873,2015.0,11.0,0
,5.0,,744.0,0.0,0.821,43.0,10.0,,-72.0585,2015.0,,0
6.9,6.0,6.0,,0.0,0.784,32.0,12.0,-29.5067,-72.0068,2015.0,11.0,1
6.6,7.0,4.0,675.0,0.0,2.792,31.0,10.0,6.8431,94.648,2015.0,11.0,0
6.8,7.0,7.0,841.0,0.0,0.258,41.0,46.0,-30.8796,-71.4519,2015.0,11.0,1
6.5,5.0,7.0,657.0,,1.53,21.0,20.0,-8.3381,124.875,2015.0,11.0,0
7.5,8.0,7.0,1448.0,0.0,,18.0,231.0,36.5244,,2015.0,10.0,0
7.1,6.0,6.0,780.0,0.0,0.592,11.0,135.0,-14.8595,167.303,2015.0,10.0,1
6.6,7.0,7.0,671.0,0.0,2.486,13.0,,-0.6212,131.262,2015.0,9.0,0
6.6,5.0,7.0,820.0,0.0,1.064,14.0,35.0,-31.7275,-71.3792,2015.0,9.0,1
6.7,5.0,7.0,718.0,0.0,,35.0,23.0,-31.5173,-71.804,2015.0,9.0,0
6.5,6.0,7.0,657.0,0.0,0.749,62.0,27.0,-31.4244,-71.6876,2015.0,9.0,0
7.0,8.0,7.0,799.0,0.0,0.903,13.0,28.41,-31.5622,-71.4262,2015.0,9.0,0
8.3,9.0,8.0,1960.0,0.0,0.684,19.0,22.44,,-71.6744,2015.0,9.0,1
6.7,5.0,5.0,708.0,0.0,1.256,123.0,10.0,24.913,-109.623,2015.0,9.0,1
6.5,0.0,5.0,,0.0,2.045,16.0,6.43,-9.3293,157.877,2015.0,,1
6.6,3.0,5.0,671.0,0.0,1.872,20.0,22.0,-9.3438,158.053,2015.0,8.0,1
7.0,9.0,7.0,,0.0,6.278,12.0,48.0,-2.6286,138.528,2015.0,7.0,1
6.9,4.0,7.0,734.0,0.0,0.444,39.0,29.0,52.376,-169.446,2015.0,7.0,1
7.0,8.0,6.0,759.0,0.0,5.205,22.0,11.0,-10.4012,165.141,2015.0,7.0,1
6.5,4.0,4.0,686.0,0.0,1.218,20.0,20.0,13.8672,-58.5479,,7.0,1
,4.0,5.0,691.0,0.0,1.529,11.0,12.0,-9.307,,2015.0,7.0,1
6.5,3.0,4.0,652.0,0.0,2.277,11.0,460.0,27.7375,139.725,2015.0,6.0,0
7.8,6.0,3.0,1151.0,0.0,1.675,12.0,664.0,27.8386,140.493,2015.0,5.0,1
6.8,5.0,6.0,762.0,0.0,0.0,0.0,72.6,56.594,-156.43,2015.0,5.0,1
6.8,1.0,5.0,711.0,0.0,3.619,18.0,10.0,-11.1093,163.215,2015.0,,1
6.9,1.0,4.0,732.0,0.0,4.024,22.0,11.19,-11.0559,163.696,2015.0,5.0,1
6.8,1.0,4.0,711.0,0.0,4.395,15.0,11.0,-10.8759,164.169,2015.0,5.0,1
6.8,8.0,6.0,831.0,0.0,1.422,8.0,35.0,38.9056,142.032,,5.0,1
7.3,8.0,7.0,1563.0,0.0,,11.0,15.0,27.8087,86.0655,2015.0,5.0,0
7.1,1.0,6.0,776.0,0.0,3.835,11.0,10.0,,154.557,2015.0,5.0,1
7.5,7.0,8.0,869.0,0.0,1.295,22.0,55.0,-5.4624,151.875,2015.0,5.0,1
6.8,5.0,6.0,714.0,0.0,1.074,23.0,44.0,-5.2005,151.777,2015.0,5.0,1
6.7,5.0,6.0,692.0,0.0,1.239,12.0,31.0,-5.375,151.771,2015.0,4.0,1
6.7,7.0,7.0,1016.0,0.0,0.727,13.0,22.91,27.7711,,2015.0,4.0,0
6.6,8.0,7.0,733.0,0.0,1.778,16.0,10.0,28.2244,84.8216,2015.0,4.0,0
7.8,8.0,9.0,2820.0,0.0,1.857,12.0,8.22,28.2305,84.7314,2015.0,4.0,0
6.5,0.0,5.0,650.0,0.0,3.702,42.0,10.0,-15.8815,-178.6,2015.0,4.0,1
,2.0,5.0,650.0,0.0,4.629,36.0,11.0,-15.4994,-173.029,2015.0,3.0,1
7.5,6.0,7.0,872.0,0.0,0.666,19.0,41.0,-4.7294,152.562,2015.0,3.0,1
7.0,4.0,6.0,760.0,0.0,1.362,12.0,552.06,-7.2968,122.535,2015.0,2.0,0
6.7,5.0,5.0,714.0,0.0,1.925,20.0,23.0,39.8558,142.881,,2.0,1
6.7,4.0,6.0,700.0,0.0,2.11,16.0,223.0,-23.1125,-66.688,2015.0,2.0,1
6.8,1.0,,,0.0,2.019,13.0,219.96,-17.0309,168.52,2015.0,1.0,1
6.5,1.0,4.0,650.0,,4.318,,8.0,5.9045,-82.6576,2015.0,1.0,1
6.6,7.0,6.0,709.0,0.0,2.485,43.0,20.0,7.9401,-82.6865,2014.0,12.0,1
6.6,,5.0,670.0,0.0,3.246,12.0,23.0,-6.5108,154.46,2014.0,12.0,1
6.6,1.0,3.0,670.0,0.0,2.6,9.0,614.0,,123.126,2014.0,12.0,0
6.8,6.0,5.0,713.0,0.0,1.421,19.0,39.0,1.9604,126.575,2014.0,,1
6.5,5.0,5.0,652.0,0.0,1.549,9.0,35.0,2.2999,127.056,2014.0,11.0,1
6.7,7.0,4.0,698.0,0.0,1.079,,22.0,-37.6478,179.662,2014.0,11.0,1
7.1,,6.0,779.0,0.0,1.397,18.0,45.0,1.8929,126.522,2014.0,11.0,1
6.6,2.0,6.0,671.0,,3.557,13.0,53.19,-5.9873,148.232,2014.0,11.0,1
7.1,3.0,6.0,776.0,0.0,4.415,13.0,434.0,-19.6903,-177.759,2014.0,11.0,1
7.3,8.0,6.0,982.0,0.0,1.078,18.0,40.0,12.5262,-88.1225,2014.0,10.0,1
6.7,,5.0,724.0,0.0,0.46,11.0,130.0,13.7641,144.429,2014.0,9.0,1
6.8,6.0,6.0,741.0,0.0,4.107,18.0,101.0,-14.598,-73.5714,2014.0,8.0,1
6.9,0.0,4.0,732.0,0.0,6.393,12.0,13.0,0.8295,146.169,2014.0,8.0,1
6.9,0.0,6.0,732.0,0.0,3.934,15.0,615.42,-19.8015,-178.4,2014.0,7.0,1
6.5,5.0,4.0,706.0,0.0,,9.0,,37.0052,142.452,2014.0,7.0,1
6.9,8.0,7.0,1079.0,0.0,0.263,51.0,53.0,,-92.4614,2014.0,7.0,1
6.5,0.0,4.0,650.0,0.0,,15.0,20.0,-6.2304,152.807,2014.0,7.0,1
6.7,0.0,5.0,691.0,0.0,6.713,45.0,18.0,-14.9831,-175.51,2014.0,6.0,1
6.9,0.0,,732.0,0.0,4.838,25.0,8.0,-55.4703,-28.3669,2014.0,6.0,1
7.9,6.0,8.0,963.0,0.0,0.133,22.0,109.0,51.8486,178.735,2014.0,6.0,1
6.7,0.0,5.0,691.0,0.0,0.748,43.0,26.59,-29.9414,-177.607,2014.0,,0
6.5,,5.0,650.0,0.0,0.778,30.0,10.0,-29.9379,-177.516,2014.0,6.0,0
6.9,0.0,5.0,732.0,0.0,0.751,35.0,20.0,-29.9772,-177.725,2014.0,,1
6.9,9.0,7.0,951.0,0.0,0.402,25.0,6.43,40.2893,25.3889,2014.0,5.0,0
6.5,7.0,5.0,694.0,0.0,3.121,33.0,,7.2096,-82.3045,2014.0,5.0,1
6.6,0.0,5.0,670.0,0.0,3.34,10.0,106.0,-21.4542,170.355,2014.0,5.0,1
6.5,4.0,6.0,838.0,0.0,0.0,0.0,10.0,49.6388,-127.732,2014.0,4.0,1
7.5,0.0,6.0,865.0,0.0,3.82,,43.37,-6.7547,155.024,2014.0,4.0,1
6.6,0.0,6.0,670.0,0.0,3.803,11.0,29.0,-6.6558,155.087,2014.0,4.0,1
7.2,8.0,7.0,1017.0,0.0,2.25,46.0,24.0,17.397,-100.972,2014.0,4.0,1
6.6,0.0,6.0,670.0,0.0,2.666,22.0,10.0,-11.1284,162.052,2014.0,4.0,0
7.4,0.0,6.0,842.0,,2.885,17.0,39.0,-11.4633,162.051,2014.0,4.0,1
7.6,0.0,7.0,889.0,0.0,2.828,13.0,22.56,-11.2701,,2014.0,4.0,1
6.6,6.0,5.0,677.0,0.0,0.761,20.0,135.0,11.642,-85.8779,2014.0,4.0,1
6.5,0.0,6.0,650.0,0.0,3.787,16.0,20.0,-6.7878,154.95,2014.0,4.0,1
7.1,0.0,7.0,776.0,0.0,3.729,21.0,60.53,-6.5858,155.048,2014.0,4.0,1
7.7,8.0,9.0,1057.0,0.0,1.029,44.0,22.4,-20.5709,-70.4931,2014.0,4.0,1
6.5,7.0,7.0,670.0,0.0,0.828,82.0,24.07,-20.3113,-70.5756,2014.0,4.0,0
6.9,0.0,5.0,732.0,0.0,0.828,119.0,28.42,-19.8927,-70.9455,2014.0,4.0,0
8.2,9.0,8.0,1332.0,0.0,0.609,23.0,25.0,-19.6097,-70.7691,2014.0,4.0,1
6.7,7.0,7.0,718.0,0.0,1.008,44.0,20.0,-19.9807,-70.7022,2014.0,3.0,1
6.8,5.0,5.0,1211.0,112.0,0.6568,229.0,16.441,40.8287,-125.134,2014.0,3.0,1
6.5,4.0,5.0,,0.0,1.001,17.0,119.0,27.4312,127.367,2014.0,3.0,1
6.5,5.0,4.0,681.0,0.0,1.635,30.0,14.83,14.6682,-58.9272,2014.0,2.0,1
6.9,3.0,8.0,733.0,,7.496,18.0,10.0,35.9053,82.5864,2014.0,2.0,0
6.5,0.0,5.0,650.0,0.0,0.409,20.0,122.0,-15.0691,167.372,2014.0,2.0,1
6.5,0.0,3.0,650.0,0.0,3.651,22.0,44.26,-32.9076,-177.881,2014.0,,1
6.5,0.0,4.0,650.0,0.0,3.997,14.0,187.0,-13.8633,167.249,2014.0,1.0,1
6.5,3.0,4.0,651.0,0.0,5.194,22.0,371.0,-17.1171,-176.545,2013.0,11.0,0
,1.0,8.0,912.0,0.0,8.05,23.0,10.0,-60.2738,-46.4011,2013.0,11.0,1
6.9,0.0,5.0,732.0,0.0,8.284,17.0,9.97,-60.2627,-47.0621,2013.0,11.0,1
6.6,6.0,7.0,723.0,0.0,0.636,31.0,27.0,-30.2921,-71.5215,2013.0,10.0,1
7.1,6.0,4.0,872.0,0.0,3.968,10.0,35.0,37.1557,144.661,2013.0,10.0,1
6.6,8.0,5.0,692.0,0.0,1.98,44.0,9.45,26.0913,-110.321,2013.0,10.0,1
6.8,0.0,,711.0,0.0,5.79,9.0,35.0,-6.4456,154.931,2013.0,10.0,1
7.1,9.0,8.0,1092.0,0.0,3.144,12.0,19.04,9.8796,,2013.0,,1
6.6,5.0,6.0,691.0,0.0,1.984,40.0,40.0,35.5142,23.2523,2013.0,10.0,0
6.7,0.0,3.0,691.0,0.0,2.958,11.0,573.0,53.1995,152.786,2013.0,,0
6.5,0.0,4.0,650.0,0.0,1.709,,41.54,-30.9255,-178.323,2013.0,9.0,1
6.8,7.0,7.0,1005.0,0.0,7.359,17.0,12.0,27.1825,65.5052,2013.0,9.0,0
7.1,8.0,7.0,843.0,0.0,4.446,17.0,40.0,-15.8385,-74.5112,2013.0,9.0,1
7.7,5.0,8.0,2015.0,0.0,7.241,17.0,15.0,26.951,65.5009,2013.0,9.0,0
6.5,0.0,6.0,650.0,,0.735,24.0,20.0,51.5573,-174.767,2013.0,9.0,1
6.5,,3.0,739.0,0.0,3.276,26.0,402.0,29.9377,138.833,2013.0,9.0,0
6.5,4.0,5.0,668.0,0.0,3.097,11.0,112.0,-7.44,128.221,2013.0,9.0,0
7.0,5.0,6.0,758.0,0.0,0.624,,29.0,51.537,-175.23,2013.0,,0
6.5,9.0,7.0,690.0,0.0,0.0,0.0,8.2,-41.734,174.152,2013.0,8.0,1
6.7,,5.0,715.0,0.0,3.741,22.0,12.0,5.7732,,2013.0,8.0,1
6.5,6.0,7.0,693.0,229.0,0.0,20.0,17.0,-41.704,174.337,2013.0,7.0,1
7.3,0.0,6.0,820.0,398.0,0.0,,,-60.857,-25.07,2013.0,7.0,1
6.6,4.0,6.0,674.0,139.0,0.0,14.0,56.0,-6.029,149.706,2013.0,7.0,0
,0.0,4.0,820.0,117.0,0.0,24.0,385.5,-3.917,153.927,,7.0,1
6.6,0.0,7.0,670.0,111.0,0.0,16.0,10.0,10.701,-42.594,2013.0,6.0,1
6.5,5.0,,679.0,698.0,0.0,27.0,30.0,11.763,-86.926,2013.0,6.0,1
6.7,5.0,4.0,710.0,515.0,0.0,,9.0,-10.004,107.236,2013.0,6.0,0
6.7,0.0,3.0,691.0,217.0,0.0,25.2,624.0,52.235,151.444,2013.0,5.0,1
8.3,5.0,5.0,,385.0,0.0,10.0,,54.892,153.221,2013.0,5.0,1
7.4,0.0,6.0,842.0,626.0,0.0,16.0,173.7,-23.009,-177.232,2013.0,5.0,1
6.8,0.0,3.0,,131.0,0.0,18.0,602.2,18.728,145.288,2013.0,5.0,0
6.5,0.0,6.0,,264.0,0.0,16.6,10.0,-3.898,152.127,2013.0,4.0,1
6.6,8.0,8.0,2083.0,548.0,0.0,,14.0,30.308,102.888,2013.0,4.0,0
7.2,5.0,7.0,804.0,770.0,0.0,10.1,110.0,46.221,150.788,2013.0,4.0,1
6.6,7.0,,672.0,445.0,0.0,11.0,13.0,-3.214,142.542,2013.0,,1
7.7,8.0,8.0,1421.0,506.0,0.0,26.6,80.0,28.033,61.996,2013.0,4.0,0
6.6,0.0,5.0,670.0,491.0,,11.5,31.0,-6.475,154.607,2013.0,4.0,1
7.0,3.0,7.0,755.0,640.0,0.0,11.4,66.0,-3.517,138.476,2013.0,4.0,1
6.5,0.0,6.0,650.0,317.0,0.0,14.2,28.0,-6.598,148.174,2013.0,3.0,1
6.5,3.0,6.0,651.0,480.0,,20.7,29.0,50.958,157.408,2013.0,3.0,0
6.9,5.0,6.0,736.0,531.0,0.0,20.7,41.0,50.954,,2013.0,2.0,1
6.6,0.0,7.0,670.0,697.0,0.0,15.3,11.0,67.631,142.508,2013.0,2.0,1
6.6,0.0,6.0,670.0,421.0,0.0,16.6,18.0,-10.994,165.741,2013.0,2.0,1
6.9,5.0,5.0,904.0,562.0,0.0,23.7,145.0,1.135,-77.393,2013.0,2.0,1
7.1,9.0,6.0,780.0,334.0,0.0,16.5,21.0,,,2013.0,,1
6.8,0.0,7.0,711.0,400.0,0.0,17.5,12.0,-10.838,165.969,2013.0,2.0,1
6.7,0.0,6.0,691.0,387.0,0.0,26.5,11.0,-10.997,165.655,2013.0,2.0,1
7.0,0.0,,754.0,445.0,0.0,17.5,8.8,-10.499,165.588,2013.0,2.0,0
7.1,0.0,5.0,776.0,550.0,0.0,18.4,10.0,-11.183,164.882,2013.0,2.0,0
8.0,8.0,7.0,993.0,460.0,0.0,20.9,24.0,-10.799,165.114,2013.0,2.0,1
6.9,6.0,7.0,814.0,686.0,0.0,28.0,107.0,42.77,143.092,2013.0,,0
6.8,6.0,7.0,771.0,596.0,0.0,19.3,45.0,-28.094,-70.653,2013.0,1.0,0
7.5,6.0,6.0,1425.0,0.0,0.0,0.0,8.7,55.228,-134.859,2013.0,1.0,0
6.7,0.0,4.0,691.0,521.0,0.0,13.7,200.7,-14.344,167.286,2012.0,12.0,0
7.1,5.0,,843.0,517.0,,8.7,155.0,-6.533,129.825,2012.0,12.0,0
7.3,6.0,5.0,1014.0,918.0,0.0,14.8,31.0,37.89,143.949,2012.0,12.0,0
,4.0,5.0,708.0,598.0,0.0,57.3,20.0,14.129,-92.164,2012.0,11.0,0
6.8,7.0,6.0,795.0,391.0,0.0,13.7,13.7,,95.885,2012.0,11.0,0
7.4,8.0,7.0,1455.0,751.0,0.0,25.5,,13.988,-91.895,2012.0,11.0,0
7.8,8.0,7.0,1726.0,807.0,0.0,42.7,14.0,52.788,-132.101,2012.0,10.0,0
6.5,6.0,6.0,745.0,691.0,0.0,34.4,17.0,10.086,-85.298,2012.0,10.0,0
6.6,3.0,5.0,675.0,291.0,0.0,17.7,13.0,-4.892,134.03,2012.0,10.0,0
7.3,7.0,6.0,1221.0,934.0,0.0,15.5,170.0,1.929,-76.362,2012.0,9.0,0
7.6,8.0,7.0,,703.0,0.0,34.3,35.0,10.085,-85.315,2012.0,9.0,0
7.6,8.0,5.0,1115.0,682.0,0.0,10.2,28.0,10.811,126.638,2012.0,8.0,0
7.3,5.0,5.0,994.0,417.0,0.0,37.0,28.0,12.139,-88.59,2012.0,8.0,0
6.6,4.0,5.0,678.0,497.0,0.0,14.6,91.1,2.19,126.837,2012.0,8.0,0
7.7,7.0,4.0,941.0,862.0,0.0,13.8,583.2,49.8,145.064,2012.0,8.0,0
6.5,5.0,6.0,653.0,576.0,0.0,11.7,41.0,-4.651,153.173,,7.0,0
6.6,4.0,5.0,675.0,529.0,0.0,15.7,134.7,-18.685,-174.705,2012.0,4.0,0
,0.0,7.0,691.0,370.0,0.0,15.4,16.0,-1.617,134.276,2012.0,4.0,0
6.8,6.0,5.0,732.0,,0.0,12.6,198.0,-5.462,147.117,2012.0,4.0,0
6.7,0.0,7.0,691.0,518.0,0.0,26.9,29.0,-32.625,-71.365,2012.0,4.0,0
7.0,7.0,7.0,1000.0,474.0,0.0,95.9,13.0,28.696,-113.104,2012.0,4.0,0
6.5,7.0,6.0,1171.0,599.0,0.0,54.1,20.0,18.229,-102.689,2012.0,4.0,0
8.2,9.0,6.0,1213.0,341.0,0.0,14.9,25.1,0.802,92.463,2012.0,4.0,0
8.6,9.0,7.0,2048.0,499.0,,16.6,,2.327,93.063,2012.0,4.0,0
7.1,,7.0,1496.0,553.0,0.0,15.2,40.7,-35.2,-72.217,2012.0,3.0,0
6.6,6.0,6.0,709.0,640.0,0.0,10.1,118.0,-6.242,145.955,2012.0,3.0,0
7.4,9.0,8.0,1752.0,672.0,0.0,37.9,20.0,16.493,-98.231,,3.0,0
6.7,7.0,7.0,833.0,596.0,0.0,13.4,12.0,51.708,95.991,2012.0,2.0,0
6.7,9.0,7.0,1551.0,572.0,0.0,11.1,11.0,9.999,123.206,2012.0,2.0,0
7.1,5.0,5.0,793.0,573.0,0.0,12.0,23.0,-17.827,167.133,2012.0,2.0,0
7.2,4.0,4.0,838.0,443.0,0.0,17.0,19.0,2.433,93.21,2012.0,1.0,0
6.6,0.0,7.0,670.0,545.0,0.0,17.6,15.0,51.842,95.911,2011.0,12.0,0
7.1,6.0,6.0,834.0,485.0,0.0,,135.0,-7.551,146.809,2011.0,12.0,0
6.5,8.0,7.0,1400.0,578.0,0.0,38.6,59.0,17.986,-99.789,2011.0,12.0,0
6.9,6.0,7.0,847.0,474.0,0.0,46.5,24.0,-14.438,-75.966,2011.0,10.0,0
7.1,9.0,9.0,1096.0,693.0,0.0,19.7,18.0,38.721,43.508,2011.0,10.0,0
6.5,3.0,6.0,655.0,423.0,0.0,12.6,37.0,-6.57,147.881,2011.0,10.0,0
6.9,8.0,8.0,,383.0,0.0,13.0,50.0,27.73,88.155,2011.0,9.0,0
6.7,5.0,5.0,712.0,667.0,0.0,10.9,30.0,40.273,142.779,2011.0,9.0,0
6.7,5.0,6.0,,447.0,0.0,15.3,91.0,2.965,97.893,2011.0,9.0,0
7.0,7.0,5.0,761.0,406.0,0.0,15.3,185.1,-20.671,169.716,2011.0,9.0,0
7.0,6.0,6.0,913.0,471.0,,26.9,147.0,-7.641,-74.525,2011.0,8.0,0
7.1,5.0,6.0,787.0,,0.0,12.3,28.0,-18.311,168.218,2011.0,8.0,0
6.5,0.0,5.0,650.0,322.0,0.0,15.0,35.0,-18.308,168.156,2011.0,8.0,0
7.2,,6.0,813.0,280.0,0.0,18.4,32.0,,168.143,2011.0,,0
6.6,3.0,6.0,674.0,229.0,0.0,16.6,10.0,-3.518,144.828,2011.0,7.0,0
7.6,3.0,7.0,893.0,567.0,0.0,,17.0,-29.539,-176.34,2011.0,7.0,0
6.7,6.0,6.0,749.0,592.0,0.0,24.9,33.0,39.955,142.205,2011.0,6.0,0
6.8,4.0,5.0,734.0,519.0,0.0,12.5,11.0,-20.244,168.226,2011.0,5.0,0
6.8,5.0,6.0,719.0,445.0,0.0,13.0,,-10.375,161.2,2011.0,4.0,0
6.6,7.0,7.0,822.0,,0.0,10.1,11.0,37.001,140.401,2011.0,4.0,0
7.1,8.0,8.0,1114.0,446.0,0.0,17.7,42.0,38.276,141.588,2011.0,4.0,0
6.6,7.0,6.0,897.0,518.0,0.0,37.2,166.2,17.208,-94.338,2011.0,4.0,0
6.9,7.0,9.0,1154.0,335.0,0.0,18.2,8.0,20.687,99.822,,3.0,0
6.6,6.0,5.0,673.0,668.0,0.0,9.5,25.7,39.241,,2011.0,,0
6.5,0.0,4.0,650.0,369.0,0.0,18.7,6.8,36.166,141.562,,3.0,0
7.7,7.0,4.0,931.0,507.0,0.0,10.8,18.6,38.058,144.59,2011.0,3.0,0
7.9,8.0,7.0,1140.0,163.0,0.0,48.4,42.6,,141.111,2011.0,3.0,0
9.1,9.0,8.0,2184.0,541.0,0.0,9.5,29.0,38.297,142.373,2011.0,3.0,0
7.3,5.0,5.0,972.0,550.0,0.0,17.4,32.0,38.435,142.842,2011.0,3.0,0
6.7,5.0,6.0,731.0,358.0,0.0,,21.0,-35.38,-72.834,2011.0,2.0,0
6.9,7.0,7.0,988.0,382.0,0.0,34.7,26.0,-36.422,-72.96,2011.0,2.0,0
7.2,7.0,7.0,1449.0,372.0,0.0,,68.0,28.777,63.951,2011.0,1.0,0
,2.0,5.0,755.0,578.0,0.0,13.3,9.0,-20.628,168.471,2011.0,1.0,0
7.2,8.0,7.0,1054.0,397.0,0.0,30.1,24.0,-38.355,-73.326,2011.0,1.0,0
7.3,0.0,5.0,820.0,409.0,0.0,12.0,16.0,-19.702,167.947,2010.0,12.0,0
6.7,3.0,7.0,,279.0,0.0,24.3,12.0,28.412,,2010.0,12.0,0
6.6,0.0,6.0,670.0,306.0,0.0,18.5,33.0,-6.001,149.977,2010.0,12.0,0
7.8,4.0,7.0,946.0,379.0,0.0,23.0,20.1,-3.487,100.082,2010.0,10.0,0
,5.0,5.0,776.0,352.0,0.0,50.3,13.0,24.696,-109.156,2010.0,10.0,0
7.0,8.0,5.0,772.0,,0.0,15.1,26.0,-4.963,133.76,2010.0,9.0,0
7.0,8.0,8.0,1245.0,365.0,0.0,15.8,12.0,-43.522,171.83,2010.0,9.0,0
7.1,6.0,5.0,945.0,672.0,0.0,12.4,206.7,-1.266,-77.306,2010.0,8.0,0
7.3,7.0,7.0,850.0,405.0,0.0,20.2,25.0,-17.541,168.069,2010.0,,0
7.0,4.0,6.0,757.0,396.0,,12.7,44.0,-5.746,150.765,2010.0,8.0,0
6.5,5.0,4.0,659.0,403.0,0.0,11.1,220.0,-5.486,146.822,2010.0,8.0,0
7.6,5.0,3.0,902.0,340.0,0.0,15.1,,6.497,123.48,2010.0,7.0,0
7.3,8.0,7.0,831.0,397.0,0.0,18.2,35.0,,150.59,2010.0,7.0,0
6.9,4.0,7.0,737.0,456.0,0.0,15.7,28.0,-5.966,150.428,2010.0,7.0,0
6.6,6.0,7.0,753.0,295.0,0.0,52.8,22.0,-38.067,-73.31,2010.0,,0
6.7,5.0,,696.0,392.0,0.0,18.7,35.0,-10.627,161.447,2010.0,6.0,0
6.6,0.0,7.0,670.0,309.0,0.0,25.0,10.5,-2.329,136.484,2010.0,6.0,0
7.0,3.0,7.0,755.0,307.0,0.0,18.1,18.0,-2.174,136.543,2010.0,6.0,0
7.5,6.0,5.0,1144.0,514.0,0.0,18.6,35.0,7.881,91.936,2010.0,6.0,0
7.2,5.0,6.0,804.0,327.0,,11.7,31.0,-13.698,166.643,2010.0,5.0,0
7.2,5.0,6.0,,611.0,0.0,20.6,,3.748,,2010.0,5.0,0
6.9,6.0,9.0,773.0,410.0,0.0,14.9,17.0,33.165,96.548,2010.0,4.0,0
6.9,4.0,5.0,740.0,399.0,0.0,12.1,21.0,,161.116,2010.0,4.0,0
7.8,0.0,7.0,936.0,352.0,0.0,19.2,31.0,2.383,97.048,2010.0,4.0,0
7.2,9.0,9.0,2910.0,10.0,0.5137,239.0,9.987,32.2862,-115.295,2010.0,4.0,0
,5.0,6.0,,413.0,0.0,16.7,34.0,13.667,92.831,2010.0,,0
6.7,5.0,6.0,856.0,312.0,0.0,34.7,18.0,-36.217,-73.257,2010.0,3.0,0
6.5,6.0,5.0,810.0,491.0,0.0,27.0,32.0,37.745,141.59,2010.0,3.0,0
7.0,7.0,7.0,874.0,403.0,0.0,17.1,18.0,-34.326,-71.799,2010.0,3.0,0
,7.0,7.0,1280.0,415.0,0.0,12.5,11.0,-34.29,-71.891,2010.0,3.0,0
6.8,4.0,,717.0,401.0,0.0,23.2,26.0,-3.762,100.991,2010.0,3.0,0
6.6,7.0,7.0,736.0,,0.0,27.8,18.0,-36.665,-73.374,2010.0,3.0,0
6.5,0.0,,650.0,426.0,0.0,18.7,176.0,-13.571,167.227,2010.0,3.0,0
7.4,0.0,5.0,842.0,409.0,0.0,17.6,35.0,-37.773,-75.048,2010.0,2.0,0
8.8,8.0,8.0,1991.0,454.0,0.0,17.8,22.9,-36.122,-72.898,2010.0,2.0,0
7.0,6.0,6.0,1180.0,,0.0,15.7,25.0,25.93,128.425,2010.0,2.0,0
7.0,9.0,9.0,1623.0,500.0,0.0,22.7,,18.443,-72.571,2010.0,1.0,0
6.5,7.0,7.0,1360.0,51.0,0.3225,220.0,28.737,40.652,-124.692,2010.0,1.0,0
6.8,3.0,6.0,713.0,338.0,0.0,15.0,15.4,-9.019,157.551,2010.0,1.0,0
7.1,5.0,7.0,780.0,377.0,0.0,15.0,10.0,-8.783,157.354,2010.0,,0
6.6,5.0,7.0,672.0,282.0,0.0,16.6,10.0,-8.726,157.487,2010.0,,0
6.5,6.0,7.0,698.0,390.0,0.0,17.7,27.0,-19.394,-70.321,2009.0,11.0,0
7.3,0.0,4.0,820.0,430.0,0.0,15.0,595.0,-17.239,178.331,2009.0,11.0,0
6.6,7.0,6.0,677.0,305.0,0.0,20.4,,-8.207,118.631,2009.0,11.0,0
6.8,0.0,6.0,711.0,424.0,0.0,21.4,34.0,29.218,129.782,2009.0,10.0,0
,4.0,6.0,972.0,397.0,,11.0,130.0,-6.133,130.385,2009.0,10.0,0
6.8,0.0,5.0,711.0,174.0,0.0,30.2,35.0,-13.298,165.91,2009.0,10.0,0
7.4,,7.0,842.0,314.0,0.0,20.2,31.1,-13.093,166.497,2009.0,10.0,0
7.8,0.0,6.0,936.0,195.0,0.0,20.3,35.0,-12.517,166.382,2009.0,10.0,0
7.7,4.0,7.0,916.0,283.0,0.0,23.2,45.0,-13.006,166.51,2009.0,10.0,0
6.6,7.0,7.0,787.0,417.0,0.0,30.1,9.0,-2.482,101.524,2009.0,10.0,0
7.6,8.0,8.0,1639.0,498.0,0.0,14.0,,-0.72,,2009.0,9.0,0
8.1,7.0,6.0,1055.0,520.0,0.0,20.8,18.0,-15.489,-172.095,2009.0,9.0,0
7.0,7.0,7.0,1175.0,312.0,0.0,,46.0,-7.782,107.297,2009.0,9.0,0
6.7,5.0,6.0,753.0,369.0,0.0,14.9,20.0,-1.479,99.49,2009.0,8.0,0
6.6,4.0,5.0,703.0,336.0,0.0,14.1,53.0,32.821,140.395,2009.0,8.0,0
7.5,7.0,6.0,1248.0,303.0,0.0,18.2,24.0,14.099,92.902,2009.0,8.0,0
7.1,5.0,4.0,1005.0,447.0,0.0,14.2,292.0,33.167,137.944,2009.0,8.0,0
6.9,,7.0,1202.0,243.0,0.0,35.0,10.0,29.039,-112.903,2009.0,8.0,0
7.8,6.0,8.0,1165.0,434.0,0.0,16.8,12.0,-45.762,166.562,,7.0,0
6.7,5.0,5.0,693.0,269.0,0.0,13.8,64.0,,153.782,2009.0,6.0,0
7.3,7.0,8.0,1560.0,464.0,0.0,27.2,19.0,16.731,-86.217,2009.0,5.0,0
7.6,7.0,5.0,916.0,504.0,0.0,,31.0,-23.043,-174.66,2009.0,3.0,0
7.2,3.0,7.0,802.0,432.0,0.0,18.6,20.0,3.886,126.387,2009.0,2.0,0
7.4,7.0,7.0,846.0,314.0,0.0,21.1,23.0,-0.691,133.305,2009.0,1.0,0
6.6,5.0,4.0,765.0,344.0,0.0,22.6,204.8,36.419,70.743,2009.0,1.0,0
7.7,5.0,7.0,918.0,288.0,0.0,29.8,17.0,-0.414,132.885,2009.0,1.0,0
7.4,9.0,7.0,848.0,365.0,0.0,33.7,30.0,1.271,122.091,2008.0,11.0,0
6.7,5.0,6.0,731.0,481.0,0.0,28.6,24.0,14.423,,2008.0,10.0,0
6.7,,6.0,,529.0,0.0,22.3,27.4,,73.824,2008.0,10.0,0
6.8,0.0,6.0,711.0,500.0,0.0,22.2,25.0,41.892,143.754,2008.0,9.0,0
6.6,0.0,6.0,670.0,463.0,0.0,14.1,96.0,1.885,,2008.0,9.0,0
6.9,0.0,6.0,732.0,,0.0,14.9,110.0,-13.501,166.967,2008.0,9.0,0
6.7,4.0,7.0,692.0,325.0,0.0,28.0,12.0,30.901,83.52,2008.0,8.0,0
6.8,8.0,7.0,1046.0,633.0,0.0,20.2,108.0,39.802,141.464,2008.0,7.0,0
7.0,5.0,5.0,840.0,577.0,0.0,18.2,22.0,37.552,142.214,2008.0,7.0,0
6.9,5.0,5.0,825.0,0.0,0.0,0.0,25.5,37.55,142.714,2008.0,7.0,0
6.6,4.0,5.0,680.0,630.0,0.0,18.4,17.0,11.005,91.824,2008.0,6.0,0
6.9,7.0,8.0,888.0,654.0,0.0,17.1,7.8,39.03,140.881,2008.0,6.0,0
7.9,9.0,9.0,1870.0,774.0,0.0,11.3,19.0,31.002,103.322,2008.0,,0
6.9,5.0,5.0,,519.0,0.0,21.1,27.0,36.164,141.526,2008.0,5.0,0
7.3,0.0,6.0,820.0,486.0,,13.4,33.0,-20.071,168.892,2008.0,4.0,0
7.2,0.0,7.0,798.0,532.0,0.0,25.9,10.0,,81.467,2008.0,3.0,0
6.9,4.0,5.0,740.0,544.0,0.0,25.9,24.0,13.351,125.63,2008.0,3.0,0
6.7,5.0,6.0,696.0,543.0,0.0,15.1,25.0,-2.245,99.808,2008.0,2.0,0
6.6,4.0,6.0,674.0,421.0,0.0,17.7,25.0,-2.332,99.891,2008.0,2.0,0
7.2,4.0,7.0,832.0,505.0,0.0,18.4,25.0,-2.486,99.972,2008.0,2.0,0
6.5,4.0,6.0,654.0,429.0,0.0,28.3,22.0,-2.405,99.931,2008.0,2.0,0
7.4,5.0,7.0,914.0,607.0,0.0,16.4,26.0,2.768,95.964,2008.0,2.0,0
6.5,8.0,5.0,692.0,650.0,0.0,,28.0,36.345,21.863,2008.0,2.0,0
6.9,6.0,6.0,941.0,645.0,0.0,30.6,29.0,36.501,21.67,2008.0,2.0,0
6.5,7.0,6.0,723.0,521.0,0.0,27.6,83.0,,-94.304,2008.0,2.0,0
6.6,7.0,6.0,808.0,461.0,0.0,18.8,20.0,-39.011,178.291,2007.0,12.0,0
6.7,5.0,7.0,704.0,481.0,0.0,30.3,45.0,-22.954,-70.182,2007.0,12.0,0
7.4,7.0,7.0,1542.0,663.0,0.0,13.4,156.0,14.944,-61.274,2007.0,11.0,0
6.6,3.0,6.0,672.0,,0.0,26.9,16.0,-10.95,,2007.0,11.0,0
6.5,5.0,7.0,653.0,272.0,0.0,27.6,18.0,-8.224,118.467,2007.0,11.0,0
6.5,7.0,7.0,657.0,353.0,0.0,27.5,20.0,,118.37,2007.0,11.0,0
6.8,6.0,6.0,722.0,341.0,0.0,15.9,53.0,-5.757,147.098,2007.0,11.0,0
6.8,7.0,6.0,790.0,649.0,,27.0,122.9,-2.312,-77.838,2007.0,11.0,0
6.8,6.0,7.0,716.0,285.0,0.0,40.1,26.0,-22.925,-70.237,2007.0,11.0,0
7.7,8.0,7.0,995.0,610.0,0.0,22.4,40.0,-22.247,-69.89,2007.0,11.0,0
6.8,3.0,5.0,713.0,494.0,0.0,23.9,21.0,-3.899,101.02,2007.0,10.0,0
6.8,4.0,7.0,744.0,338.0,0.0,19.0,18.0,-44.796,167.553,2007.0,10.0,0
6.8,,,713.0,348.0,,15.5,40.0,-4.99,153.5,,9.0,0
6.7,3.0,5.0,696.0,503.0,0.0,26.9,30.0,-1.999,,2007.0,9.0,0
7.0,4.0,7.0,,537.0,0.0,23.1,22.0,-2.13,99.627,2007.0,9.0,0
6.5,0.0,5.0,650.0,409.0,0.0,26.2,28.9,-1.689,99.668,2007.0,,0
,8.0,7.0,1133.0,446.0,0.0,29.1,35.0,-2.625,100.841,2007.0,9.0,0
7.8,,8.0,1152.0,0.0,0.0,0.0,40.5,-2.52,100.139,2007.0,9.0,0
8.4,0.0,6.0,1086.0,411.0,0.0,32.3,34.0,-4.438,101.367,2007.0,9.0,0
6.8,5.0,6.0,747.0,653.0,0.0,17.6,15.0,2.966,-77.963,2007.0,9.0,0
7.2,0.0,5.0,798.0,312.0,0.0,21.3,35.0,-11.61,165.762,,9.0,0
6.5,,6.0,675.0,382.0,0.0,12.8,15.0,-9.834,159.465,2007.0,8.0,0
8.0,9.0,8.0,1385.0,625.0,0.0,25.7,39.0,-13.386,-76.603,2007.0,8.0,0
7.5,0.0,5.0,865.0,228.0,0.0,30.7,280.0,-5.859,107.419,2007.0,8.0,0
7.2,7.0,7.0,803.0,494.0,0.0,20.4,120.0,-15.595,167.68,2007.0,8.0,0
6.9,3.0,5.0,734.0,374.0,0.0,24.1,25.0,2.872,127.464,2007.0,7.0,0
6.8,5.0,4.0,779.0,664.0,0.0,18.2,350.4,36.808,134.85,2007.0,7.0,0
6.6,8.0,8.0,831.0,782.0,0.0,16.7,12.0,37.535,138.446,2007.0,7.0,0
6.7,6.0,6.0,972.0,468.0,0.0,37.7,23.0,13.554,-90.618,2007.0,6.0,0
,,7.0,732.0,305.0,0.0,15.3,10.0,-7.306,155.741,,4.0,0
6.6,0.0,7.0,,251.0,0.0,16.0,10.0,-7.169,155.777,2007.0,4.0,0
8.1,9.0,8.0,1025.0,439.0,0.0,14.7,24.0,-8.466,157.043,2007.0,4.0,0
6.7,7.0,8.0,782.0,493.0,0.0,23.9,8.0,37.336,136.588,2007.0,3.0,0
7.1,3.0,6.0,779.0,426.0,0.0,25.3,34.0,-20.617,169.357,2007.0,3.0,0
6.7,0.0,6.0,691.0,253.0,0.0,40.3,12.0,-1.034,126.976,2007.0,2.0,0
7.5,6.0,5.0,874.0,570.0,0.0,21.6,22.0,1.065,126.282,2007.0,1.0,0
8.1,4.0,,1034.0,606.0,0.0,14.0,10.0,46.243,154.524,2007.0,1.0,0
6.9,6.0,7.0,798.0,466.0,0.0,31.6,10.0,21.974,120.493,2006.0,12.0,0
7.1,8.0,7.0,1023.0,744.0,0.0,,10.0,21.799,,2006.0,12.0,0
8.3,4.0,7.0,1064.0,576.0,0.0,20.9,10.0,46.592,153.266,2006.0,11.0,0
6.6,0.0,6.0,670.0,352.0,0.0,18.6,11.0,-6.482,151.195,2006.0,11.0,0
,5.0,6.0,732.0,444.0,0.0,53.4,23.0,-13.457,-76.677,,10.0,0
6.7,5.0,6.0,692.0,533.0,0.0,15.6,32.0,-5.881,150.982,2006.0,10.0,0
6.7,8.0,9.0,1481.0,43.0,0.0,124.0,38.182,19.877,-155.935,2006.0,10.0,0
6.9,3.0,3.0,737.0,702.0,0.0,20.9,28.0,-16.592,-172.033,2006.0,9.0,0
6.8,0.0,6.0,711.0,,0.0,28.4,38.0,-6.759,155.512,2006.0,9.0,0
6.5,0.0,6.0,650.0,700.0,0.0,47.4,43.0,51.148,157.522,2006.0,8.0,0
6.8,5.0,5.0,713.0,,0.0,26.2,150.0,-15.798,167.789,2006.0,8.0,0
7.7,7.0,5.0,947.0,357.0,0.0,36.8,20.0,,107.419,2006.0,7.0,0
6.5,0.0,6.0,650.0,477.0,0.0,20.3,34.0,-5.724,151.133,,5.0,0
6.6,0.0,7.0,670.0,548.0,0.0,28.0,19.0,,165.743,2006.0,5.0,0
6.8,4.0,5.0,719.0,701.0,0.0,16.3,12.0,0.093,97.05,2006.0,,0
8.0,7.0,7.0,1013.0,626.0,0.0,20.7,55.0,-20.187,-174.123,2006.0,5.0,0
8.0,8.0,,1026.0,0.0,0.0,0.0,60.5,-19.99,-173.907,2006.0,5.0,0
6.5,7.0,7.0,653.0,282.0,0.0,46.3,12.0,-27.211,-71.056,,4.0,0
6.7,,7.0,696.0,277.0,0.0,,12.0,-27.017,-71.022,,4.0,0
6.6,0.0,8.0,670.0,645.0,0.0,28.4,11.0,60.491,,2006.0,4.0,0
7.6,0.0,8.0,889.0,579.0,0.0,18.5,22.0,60.949,167.089,,4.0,0
6.5,3.0,,654.0,247.0,0.0,25.5,14.0,-16.527,176.989,2006.0,4.0,0
6.7,0.0,7.0,691.0,306.0,0.0,21.3,30.1,-3.595,127.214,2006.0,3.0,0
7.0,5.0,9.0,891.0,412.0,0.0,23.2,11.0,-21.324,,2006.0,2.0,0
6.7,7.0,6.0,934.0,,0.0,19.7,66.0,36.311,23.212,2006.0,1.0,0
6.6,7.0,6.0,703.0,323.0,0.0,48.2,14.0,28.164,-112.117,2006.0,1.0,0
,6.0,5.0,721.0,529.0,0.0,20.5,224.6,36.357,71.093,2005.0,12.0,0
6.8,5.0,7.0,744.0,561.0,0.0,20.0,22.0,-6.224,29.83,2005.0,12.0,0
6.5,,5.0,683.0,464.0,0.0,48.8,29.0,38.089,142.122,2005.0,12.0,0
6.5,3.0,6.0,651.0,358.0,0.0,20.7,,2.164,96.786,2005.0,11.0,0
6.8,0.0,6.0,711.0,509.0,,30.1,147.0,-22.361,-67.895,2005.0,11.0,0
7.6,9.0,9.0,1267.0,724.0,0.0,21.1,,,73.588,2005.0,10.0,0
6.6,0.0,6.0,670.0,402.0,0.0,17.7,25.0,-5.437,151.84,2005.0,9.0,0
7.5,8.0,7.0,1018.0,696.0,0.0,26.2,115.0,-5.678,-76.398,2005.0,9.0,0
7.6,5.0,7.0,891.0,502.0,,20.0,90.0,-4.539,153.474,2005.0,9.0,0
7.2,7.0,7.0,1104.0,698.0,0.0,19.6,36.0,38.276,142.039,2005.0,8.0,0
7.2,4.0,5.0,808.0,636.0,0.0,26.4,16.0,7.92,92.19,2005.0,7.0,0
6.7,3.0,6.0,693.0,,0.0,22.3,21.0,1.819,97.082,2005.0,7.0,0
6.6,6.0,5.0,719.0,446.0,0.0,21.1,27.0,11.245,-86.172,2005.0,7.0,0
7.2,5.0,4.0,1318.0,420.0,0.0,31.4,16.0,41.292,-125.953,2005.0,6.0,0
7.8,8.0,7.0,1020.0,714.0,0.0,16.1,115.6,-19.987,-69.197,2005.0,6.0,0
6.9,5.0,7.0,740.0,635.0,0.0,26.0,30.0,1.989,97.041,2005.0,5.0,0
6.7,6.0,5.0,731.0,695.0,0.0,20.9,34.0,0.587,98.459,2005.0,5.0,0
,3.0,6.0,657.0,478.0,0.0,21.2,30.0,-1.714,99.779,2005.0,4.0,0
6.7,5.0,6.0,717.0,656.0,0.0,21.2,19.0,-1.644,99.607,2005.0,4.0,0
8.6,0.0,8.0,1138.0,510.0,0.0,,30.0,2.085,97.108,2005.0,3.0,0
6.6,8.0,7.0,805.0,401.0,0.0,,10.0,33.807,130.131,2005.0,3.0,0
7.1,0.0,5.0,776.0,569.0,0.0,18.1,201.7,-6.527,129.933,2005.0,3.0,0
6.8,,6.0,,444.0,0.0,33.8,36.0,2.908,95.592,2005.0,2.0,0
6.5,0.0,7.0,650.0,371.0,0.0,31.8,10.0,-5.562,,2005.0,2.0,0
6.5,3.0,5.0,652.0,286.0,0.0,47.3,39.7,4.756,126.421,2005.0,2.0,0
6.7,0.0,4.0,691.0,457.0,,30.2,206.3,-14.252,167.259,2005.0,2.0,0
7.1,7.0,3.0,782.0,,0.0,26.4,525.0,5.293,123.337,2005.0,2.0,0
6.6,6.0,4.0,676.0,225.0,0.0,78.5,27.8,34.064,141.491,2005.0,1.0,0
6.6,0.0,5.0,670.0,353.0,0.0,,16.1,8.879,92.375,2004.0,12.0,0
7.2,5.0,6.0,802.0,385.0,0.0,27.9,39.2,6.91,92.958,2004.0,12.0,0
9.1,0.0,8.0,1274.0,601.0,0.0,22.0,30.0,3.295,95.982,2004.0,12.0,0
8.1,0.0,5.0,1009.0,331.0,0.0,59.3,10.0,-49.312,161.345,2004.0,12.0,0
,5.0,6.0,858.0,639.0,0.0,21.8,10.0,,-81.409,2004.0,12.0,0
6.8,4.0,7.0,724.0,759.0,0.0,23.6,35.0,42.9,145.228,2004.0,12.0,0
7.0,4.0,7.0,771.0,929.0,0.0,23.9,39.0,43.006,,2004.0,11.0,0
7.1,0.0,7.0,776.0,439.0,0.0,28.8,10.0,-3.609,135.404,2004.0,11.0,0
7.1,5.0,5.0,782.0,585.0,0.0,14.7,10.0,,,2004.0,11.0,0
7.2,8.0,8.0,820.0,708.0,0.0,50.2,15.0,4.695,-77.508,2004.0,11.0,0
7.5,,7.0,870.0,301.0,0.0,33.8,10.0,-8.152,124.868,2004.0,11.0,0
6.7,0.0,,691.0,233.0,0.0,21.5,10.0,-11.128,162.208,2004.0,11.0,0
6.7,7.0,4.0,703.0,459.0,0.0,37.3,10.0,49.277,-128.772,2004.0,11.0,0
6.6,0.0,8.0,670.0,782.0,0.0,37.0,16.0,37.226,138.779,2004.0,10.0,0
6.7,5.0,6.0,705.0,698.0,0.0,24.7,94.0,24.53,122.694,2004.0,10.0,0
7.0,,6.0,754.0,441.0,0.0,32.2,35.0,11.422,-86.665,2004.0,10.0,0
6.5,5.0,5.0,665.0,526.0,0.0,18.3,105.0,13.925,120.534,2004.0,10.0,0
6.8,0.0,6.0,711.0,545.0,0.0,15.7,36.0,-10.951,162.161,2004.0,10.0,0
6.6,0.0,4.0,670.0,478.0,0.0,29.8,10.0,33.205,137.227,2004.0,9.0,0
7.4,0.0,5.0,842.0,594.0,0.0,27.5,10.0,33.184,137.071,2004.0,9.0,0
7.2,0.0,5.0,798.0,643.0,0.0,28.4,14.0,33.07,,2004.0,9.0,0
6.5,0.0,7.0,650.0,349.0,0.0,30.1,5.0,-35.173,-70.525,2004.0,8.0,0
6.5,0.0,7.0,650.0,305.0,0.0,39.0,13.4,-0.443,133.091,2004.0,7.0,0
6.9,0.0,5.0,732.0,798.0,0.0,31.2,188.6,55.682,160.003,2004.0,6.0,0
6.6,0.0,7.0,670.0,282.0,0.0,46.9,21.0,-37.695,-73.406,2004.0,5.0,0
6.7,0.0,5.0,691.0,386.0,0.0,27.6,65.8,-9.362,122.839,2004.0,,0
6.5,0.0,4.0,650.0,424.0,0.0,,228.4,-13.174,167.198,2004.0,4.0,0
6.6,0.0,4.0,670.0,728.0,0.0,18.3,187.1,36.512,71.029,2004.0,4.0,0
6.7,0.0,,691.0,256.0,0.0,33.3,25.7,-3.665,135.339,2004.0,2.0,0
7.3,0.0,7.0,820.0,390.0,0.0,23.0,10.0,-4.003,135.023,2004.0,2.0,0
7.0,0.0,7.0,754.0,367.0,0.0,,16.6,-3.615,135.538,,2.0,0
6.7,0.0,6.0,691.0,243.0,,42.5,17.4,-3.12,127.4,2004.0,1.0,0
7.3,0.0,4.0,820.0,235.0,0.0,46.6,10.0,,169.766,2003.0,12.0,0
6.6,0.0,9.0,670.0,552.0,0.0,,10.0,28.995,58.311,2003.0,12.0,0
6.5,0.0,6.0,650.0,405.0,0.0,48.4,33.0,8.416,-82.824,2003.0,12.0,0
6.5,7.0,9.0,1390.0,65.0,0.04685,71.0,8.382,35.7005,-121.101,2003.0,,0
6.8,0.0,7.0,711.0,447.0,0.0,27.7,10.0,23.039,121.362,2003.0,12.0,0
6.6,0.0,6.0,670.0,384.0,0.0,25.1,35.0,-5.581,,2003.0,11.0,0
6.5,0.0,6.0,650.0,487.0,0.0,45.9,35.0,12.025,125.416,2003.0,11.0,0
6.6,0.0,5.0,670.0,475.0,0.0,26.2,113.7,-19.262,168.892,2003.0,11.0,0
7.0,0.0,5.0,754.0,,0.0,61.2,10.0,37.812,142.619,2003.0,10.0,0
6.7,,6.0,691.0,556.0,0.0,55.4,32.0,42.648,144.57,2003.0,10.0,0
6.7,0.0,7.0,691.0,643.0,0.0,24.5,10.0,50.211,87.721,2003.0,10.0,0
6.5,,5.0,650.0,586.0,0.0,71.3,25.0,42.45,144.38,2003.0,9.0,0
7.3,0.0,7.0,820.0,667.0,0.0,24.5,16.0,50.038,87.813,2003.0,9.0,0
7.4,0.0,7.0,842.0,,0.0,78.8,33.0,41.774,143.593,2003.0,9.0,0
8.16,0.0,9.0,1024.0,0.0,0.0,0.0,27.0,,143.91,2003.0,9.0,0
6.6,0.0,7.0,670.0,518.0,0.0,24.7,10.0,19.917,95.672,2003.0,9.0,0
7.2,0.0,7.0,798.0,428.0,0.0,17.5,28.0,-45.104,167.144,2003.0,8.0,0
7.6,0.0,6.0,889.0,315.0,0.0,25.2,10.0,-60.532,-43.411,2003.0,8.0,0
6.5,0.0,6.0,650.0,156.0,0.0,31.4,33.0,-3.828,152.174,2003.0,7.0,0
6.8,0.0,7.0,711.0,398.0,0.0,39.1,33.0,-30.608,-71.637,2003.0,6.0,0
6.9,0.0,5.0,732.0,733.0,0.0,26.7,174.8,55.492,159.999,2003.0,6.0,0
6.6,0.0,6.0,670.0,419.0,0.0,27.8,33.0,-5.095,152.502,2003.0,6.0,0
7.0,0.0,,754.0,473.0,0.0,30.3,31.0,2.354,,2003.0,5.0,0
7.0,0.0,7.0,,690.0,0.0,19.1,68.0,38.849,141.568,2003.0,5.0,0
6.8,0.0,9.0,711.0,534.0,0.0,19.4,12.0,36.964,3.634,2003.0,5.0,0
6.5,0.0,,650.0,247.0,0.0,,,-8.294,120.743,2003.0,3.0,0
,0.0,7.0,711.0,431.0,0.0,38.4,40.2,-4.694,153.238,2003.0,,0
7.6,0.0,7.0,889.0,551.0,0.0,0.0,24.0,,-104.104,2003.0,1.0,0
6.5,0.0,6.0,650.0,316.0,0.0,0.0,24.0,13.626,-90.774,2003.0,1.0,0
7.3,0.0,6.0,820.0,457.0,0.0,0.0,33.0,-10.491,160.77,,1.0,0
6.7,0.0,5.0,691.0,323.0,0.0,0.0,71.9,-5.311,153.701,2003.0,1.0,0
6.7,0.0,6.0,691.0,453.0,,0.0,34.0,-4.786,153.275,2002.0,12.0,0
7.9,8.0,,1750.0,0.0,0.0,,4.2,,-147.453,2002.0,11.0,0
7.4,0.0,7.0,842.0,418.0,0.0,0.0,30.0,2.824,96.085,2002.0,11.0,0
6.6,0.0,7.0,670.0,0.0,0.0,0.0,4.2,63.5144,-147.912,2002.0,10.0,0
,0.0,7.0,691.0,250.0,0.0,0.0,10.0,-1.511,133.973,2002.0,10.0,0
7.6,0.0,7.0,889.0,375.0,0.0,0.0,10.0,-1.757,134.297,2002.0,10.0,0
6.5,0.0,6.0,650.0,646.0,0.0,0.0,21.0,13.036,93.068,2002.0,9.0,0
7.6,0.0,7.0,889.0,428.0,0.0,0.0,,-3.302,142.945,2002.0,9.0,0
6.5,0.0,4.0,650.0,260.0,0.0,0.0,30.0,,,2002.0,8.0,0
6.5,0.0,7.0,650.0,533.0,0.0,0.0,10.0,7.929,-82.793,2002.0,7.0,0
6.5,0.0,8.0,650.0,555.0,0.0,0.0,10.0,35.626,49.047,2002.0,6.0,0
,0.0,7.0,670.0,420.0,0.0,0.0,54.0,-30.805,-71.124,2002.0,6.0,0
6.7,0.0,5.0,691.0,272.0,0.0,,33.0,-12.592,166.383,2002.0,6.0,0
7.1,0.0,7.0,776.0,,0.0,0.0,85.7,13.088,144.619,2002.0,4.0,0
6.7,0.0,7.0,691.0,462.0,0.0,0.0,62.0,-27.535,-70.586,2002.0,4.0,0
6.8,0.0,6.0,711.0,292.0,0.0,0.0,24.9,16.985,-100.865,2002.0,4.0,0
7.1,0.0,6.0,776.0,550.0,0.0,0.0,32.8,24.279,122.179,2002.0,3.0,0
6.5,0.0,5.0,650.0,486.0,0.0,0.0,125.1,-21.663,-68.329,2002.0,3.0,0
7.5,0.0,7.0,865.0,321.0,0.0,0.0,31.0,,124.249,2002.0,3.0,0
7.4,0.0,5.0,842.0,138.0,0.0,0.0,225.6,36.502,70.482,2002.0,3.0,0
6.6,0.0,6.0,670.0,444.0,0.0,0.0,39.0,-5.345,151.248,2002.0,2.0,0
6.5,0.0,7.0,650.0,482.0,0.0,,,38.573,31.271,2002.0,2.0,0
6.7,0.0,,691.0,333.0,0.0,0.0,11.0,-3.212,142.427,2002.0,1.0,0
6.6,0.0,6.0,670.0,386.0,0.0,0.0,10.0,-17.664,168.004,2002.0,1.0,0
7.2,0.0,6.0,798.0,427.0,,0.0,21.0,-17.6,167.856,2002.0,1.0,0
6.8,0.0,7.0,711.0,385.0,0.0,0.0,16.0,-9.613,,2001.0,12.0,0
6.8,0.0,5.0,711.0,499.0,,0.0,,23.954,122.734,2001.0,12.0,0
6.5,0.0,5.0,650.0,605.0,,0.0,123.8,39.402,141.089,2001.0,12.0,0
7.8,,9.0,936.0,368.0,0.0,0.0,10.0,35.946,90.541,2001.0,11.0,0
7.0,0.0,7.0,754.0,254.0,,0.0,33.0,-5.912,150.196,2001.0,10.0,0
7.5,,6.0,865.0,234.0,0.0,0.0,33.0,-4.102,123.907,2001.0,10.0,0
7.0,0.0,6.0,754.0,482.0,0.0,0.0,37.0,12.686,144.98,2001.0,10.0,0
6.5,0.0,6.0,650.0,174.0,0.0,0.0,33.0,-0.578,133.13,2001.0,9.0,0
,,6.0,754.0,0.0,0.0,0.0,,58.775,-154.701,2001.0,7.0,0
6.5,0.0,8.0,650.0,483.0,0.0,0.0,10.0,39.059,24.244,2001.0,7.0,0
7.6,0.0,7.0,889.0,398.0,0.0,0.0,33.0,-17.543,-72.077,2001.0,7.0,0
6.6,0.0,7.0,670.0,324.0,0.0,0.0,,-16.086,-73.987,2001.0,7.0,0
6.7,0.0,6.0,691.0,422.0,0.0,0.0,24.0,-17.745,-71.649,2001.0,6.0,0
8.4,0.0,8.0,,518.0,0.0,0.0,33.0,-16.265,-73.641,2001.0,6.0,0
6.7,0.0,6.0,691.0,282.0,0.0,0.0,17.0,-7.41,,2001.0,,0
6.8,0.0,7.0,711.0,596.0,0.0,0.0,50.0,34.083,132.526,2001.0,3.0,0
6.5,0.0,6.0,650.0,,0.0,0.0,33.0,-4.029,128.02,2001.0,3.0,0
,7.0,7.0,1441.0,67.0,0.0,31.0,51.798,47.149,-122.727,2001.0,2.0,0
7.1,0.0,7.0,776.0,,0.0,0.0,35.0,1.271,126.249,2001.0,2.0,0
7.4,0.0,6.0,842.0,221.0,0.0,0.0,,-4.68,102.562,,2.0,0
6.6,0.0,8.0,670.0,273.0,,0.0,10.0,13.671,-88.938,2001.0,2.0,0
7.7,0.0,9.0,912.0,472.0,0.0,0.0,16.0,23.419,70.232,2001.0,1.0,0
,0.0,6.0,732.0,117.0,0.0,0.0,28.0,-4.022,101.776,2001.0,1.0,0
7.7,0.0,8.0,912.0,427.0,0.0,0.0,60.0,13.049,-88.66,2001.0,1.0,0
,5.0,7.0,745.0,0.0,0.0,0.0,36.4,56.7744,-153.281,2001.0,1.0,0
7.1,0.0,7.0,776.0,372.0,0.0,0.0,103.0,-14.928,167.17,2001.0,1.0,0
6.8,0.0,5.0,711.0,64.0,0.0,0.0,33.0,6.631,126.899,2001.0,1.0,0
7.5,0.0,7.0,865.0,,0.0,0.0,33.0,6.898,126.579,2001.0,1.0,0
